group,n_units,nights,mentions,nights_share_pct,mention_share_pct,period,variant,start,end,documents,frame_units
G1,2,3581434.0,15882,12.383001557973845,45.19635742743313,2021,main,2021-01-01,2021-12-31,28459,22
G2,12,12196738.0,3137,42.17088061826598,8.927148548662492,2021,main,2021-01-01,2021-12-31,28459,22
G3,8,13144008.0,16121,45.446117823760176,45.876494023904385,2021,main,2021-01-01,2021-12-31,28459,22
G1,2,6104614.0,16605,15.95132283892028,45.423459897144106,2022,main,2022-01-01,2022-12-31,30079,22
G2,12,15141841.0,3063,39.565547332984444,8.378925484188642,2022,main,2022-01-01,2022-12-31,30079,22
G3,8,17023813.0,16888,44.48312982809527,46.19761461866725,2022,main,2022-01-01,2022-12-31,30079,22
G1,2,6714276.0,17903,17.002087899206934,44.129754245852745,2023,main,2023-01-01,2023-12-31,32908,22
G2,12,15299306.0,3415,38.74135430370512,8.417757400971185,2023,main,2023-01-01,2023-12-31,32908,22
G3,8,17477309.0,19251,44.25655779708794,47.45248835317607,2023,main,2023-01-01,2023-12-31,32908,22
G1,2,7262976.0,18502,18.053506863661248,43.54948805460751,2024,main,2024-01-01,2024-12-31,34891,22
G2,12,15363385.0,3656,38.18861256688308,8.605390137695657,2024,main,2024-01-01,2024-12-31,34891,22
G3,8,17603917.0,20327,43.75788056945567,47.845121807696835,2024,main,2024-01-01,2024-12-31,34891,22
G1,2,7361025.0,17340,17.975600640897216,41.405988824681216,2025,main,2025-01-01,2025-12-31,34939,22
G2,12,15802585.0,3675,38.58986446233137,8.775490711113234,2025,main,2025-01-01,2025-12-31,34939,22
G3,8,17786482.0,20863,43.43453489677142,49.81852046420555,2025,main,2025-01-01,2025-12-31,34939,22
G1,2,1583818.0,7474,33.279975591880095,47.4992055926279,2024_ytd,main,2024-01-01,2024-05-31,12967,13
G2,3,507345.0,577,10.660586769857654,3.666984429615507,2024_ytd,main,2024-01-01,2024-05-31,12967,13
G3,8,2667909.0,7684,56.05943763826225,48.833809977756594,2024_ytd,main,2024-01-01,2024-05-31,12967,13
G1,2,1610669.0,6501,35.523009017993864,43.110079575596814,2025_ytd,main,2025-01-01,2025-05-31,12688,13
G2,3,417426.0,543,9.206253775508877,3.60079575596817,2025_ytd,main,2025-01-01,2025-05-31,12688,13
G3,8,2506062.0,8036,55.27073720649726,53.28912466843501,2025_ytd,main,2025-01-01,2025-05-31,12688,13
G1,2,1644743.0,7144,33.92714775384721,47.273689782953944,2026_ytd,main,2026-01-01,2026-05-31,12859,13
G2,3,499684.0,427,10.307295971609783,2.8255690841715193,2026_ytd,main,2026-01-01,2026-05-31,12859,13
G3,8,2703440.0,7541,55.76555627454301,49.900741132874536,2026_ytd,main,2026-01-01,2026-05-31,12859,13
G1,2,3581434.0,15904,12.383001557973845,45.14078110808356,2021,keep_repeated,2021-01-01,2021-12-31,28524,22
G2,12,12196738.0,3156,42.17088061826598,8.957765667574932,2021,keep_repeated,2021-01-01,2021-12-31,28524,22
G3,8,13144008.0,16172,45.446117823760176,45.90145322434151,2021,keep_repeated,2021-01-01,2021-12-31,28524,22
G1,2,6104614.0,16674,15.95132283892028,45.43943316528137,2022,keep_repeated,2022-01-01,2022-12-31,30218,22
G2,12,15141841.0,3063,39.565547332984444,8.347186265158742,2022,keep_repeated,2022-01-01,2022-12-31,30218,22
G3,8,17023813.0,16958,44.48312982809527,46.21338056955989,2022,keep_repeated,2022-01-01,2022-12-31,30218,22
G1,2,6714276.0,17971,17.002087899206934,43.96144719782774,2023,keep_repeated,2023-01-01,2023-12-31,33089,22
G2,12,15299306.0,3442,38.74135430370512,8.419971134323246,2023,keep_repeated,2023-01-01,2023-12-31,33089,22
G3,8,17477309.0,19466,44.25655779708794,47.61858166784902,2023,keep_repeated,2023-01-01,2023-12-31,33089,22
G1,2,7262976.0,18682,18.053506863661248,43.59656492112387,2024,keep_repeated,2024-01-01,2024-12-31,35250,22
G2,12,15363385.0,3656,38.18861256688308,8.53169046952301,2024,keep_repeated,2024-01-01,2024-12-31,35250,22
G3,8,17603917.0,20514,43.75788056945567,47.87174460935312,2024,keep_repeated,2024-01-01,2024-12-31,35250,22
G1,2,7361025.0,17405,17.975600640897216,41.313584466756865,2025,keep_repeated,2025-01-01,2025-12-31,35189,22
G2,12,15802585.0,3675,38.58986446233137,8.723207291889198,2025,keep_repeated,2025-01-01,2025-12-31,35189,22
G3,8,17786482.0,21049,43.43453489677142,49.96320824135394,2025,keep_repeated,2025-01-01,2025-12-31,35189,22
G1,2,1583818.0,7499,33.279975591880095,47.5251917105013,2024_ytd,keep_repeated,2024-01-01,2024-05-31,13011,13
G2,3,507345.0,577,10.660586769857654,3.656758983459028,2024_ytd,keep_repeated,2024-01-01,2024-05-31,13011,13
G3,8,2667909.0,7703,56.05943763826225,48.81804930603967,2024_ytd,keep_repeated,2024-01-01,2024-05-31,13011,13
G1,2,1610669.0,6533,35.523009017993864,43.11072984030619,2025_ytd,keep_repeated,2025-01-01,2025-05-31,12761,13
G2,3,417426.0,543,9.206253775508877,3.5832123531740794,2025_ytd,keep_repeated,2025-01-01,2025-05-31,12761,13
G3,8,2506062.0,8078,55.27073720649726,53.30605780651973,2025_ytd,keep_repeated,2025-01-01,2025-05-31,12761,13
G1,2,1644743.0,7200,33.92714775384721,47.455839704719224,2026_ytd,keep_repeated,2026-01-01,2026-05-31,12908,13
G2,3,499684.0,431,10.307295971609783,2.8407592934352754,2026_ytd,keep_repeated,2026-01-01,2026-05-31,12908,13
G3,8,2703440.0,7541,55.76555627454301,49.703401001845506,2026_ytd,keep_repeated,2026-01-01,2026-05-31,12908,13
G1,2,3581434.0,14693,12.383001557973845,44.416565900846436,2021,no_traffic,2021-01-01,2021-12-31,26913,22
G2,12,12196738.0,3013,42.17088061826598,9.108222490931077,2021,no_traffic,2021-01-01,2021-12-31,26913,22
G3,8,13144008.0,15374,45.446117823760176,46.475211608222494,2021,no_traffic,2021-01-01,2021-12-31,26913,22
G1,2,6104614.0,15568,15.95132283892028,44.75363652043926,2022,no_traffic,2022-01-01,2022-12-31,28690,22
G2,12,15141841.0,2940,39.565547332984444,8.451675961593745,2022,no_traffic,2022-01-01,2022-12-31,28690,22
G3,8,17023813.0,16278,44.48312982809527,46.794687517967,2022,no_traffic,2022-01-01,2022-12-31,28690,22
G1,2,6714276.0,16916,17.002087899206934,43.81134909740747,2023,no_traffic,2023-01-01,2023-12-31,31459,22
G2,12,15299306.0,3312,38.74135430370512,8.577866411126363,2023,no_traffic,2023-01-01,2023-12-31,31459,22
G3,8,17477309.0,18383,44.25655779708794,47.61078449146616,2023,no_traffic,2023-01-01,2023-12-31,31459,22
G1,2,7262976.0,17491,18.053506863661248,43.15888173316554,2024,no_traffic,2024-01-01,2024-12-31,33461,22
G2,12,15363385.0,3571,38.18861256688308,8.811409677498952,2024,no_traffic,2024-01-01,2024-12-31,33461,22
G3,8,17603917.0,19465,43.75788056945567,48.029708589335506,2024,no_traffic,2024-01-01,2024-12-31,33461,22
G1,2,7361025.0,16048,17.975600640897216,40.657698056801195,2025,no_traffic,2025-01-01,2025-12-31,33083,22
G2,12,15802585.0,3568,38.58986446233137,9.03954802259887,2025,no_traffic,2025-01-01,2025-12-31,33083,22
G3,8,17786482.0,19855,43.43453489677142,50.30275392059993,2025,no_traffic,2025-01-01,2025-12-31,33083,22
G1,2,1583818.0,7113,33.279975591880095,47.3284982367423,2024_ytd,no_traffic,2024-01-01,2024-05-31,12469,13
G2,3,507345.0,541,10.660586769857654,3.5997072326834783,2024_ytd,no_traffic,2024-01-01,2024-05-31,12469,13
G3,8,2667909.0,7375,56.05943763826225,49.07179453057422,2024_ytd,no_traffic,2024-01-01,2024-05-31,12469,13
G1,2,1610669.0,6023,35.523009017993864,42.234064932332934,2025_ytd,no_traffic,2025-01-01,2025-05-31,12019,13
G2,3,417426.0,537,9.206253775508877,3.7655143398078676,2025_ytd,no_traffic,2025-01-01,2025-05-31,12019,13
G3,8,2506062.0,7701,55.27073720649726,54.00042072785919,2025_ytd,no_traffic,2025-01-01,2025-05-31,12019,13
G1,2,1644743.0,6722,33.92714775384721,47.04318006858423,2026_ytd,no_traffic,2026-01-01,2026-05-31,12205,13
G2,3,499684.0,408,10.307295971609783,2.855343271047659,2026_ytd,no_traffic,2026-01-01,2026-05-31,12205,13
G3,8,2703440.0,7159,55.76555627454301,50.10147666036812,2026_ytd,no_traffic,2026-01-01,2026-05-31,12205,13
G1,2,3581434.0,14453,12.383001557973845,46.681308743257645,2021,common_publishers,2021-01-01,2021-12-31,25154,22
G2,12,12196738.0,2634,42.17088061826598,8.507477148670908,2021,common_publishers,2021-01-01,2021-12-31,25154,22
G3,8,13144008.0,13874,45.446117823760176,44.81121410807144,2021,common_publishers,2021-01-01,2021-12-31,25154,22
G1,2,6104614.0,14959,15.95132283892028,46.327036234128215,2022,common_publishers,2022-01-01,2022-12-31,26663,22
G2,12,15141841.0,2692,39.565547332984444,8.336946423041189,2022,common_publishers,2022-01-01,2022-12-31,26663,22
G3,8,17023813.0,14639,44.48312982809527,45.3360173428306,2022,common_publishers,2022-01-01,2022-12-31,26663,22
G1,2,6714276.0,16102,17.002087899206934,46.48115004907338,2023,common_publishers,2023-01-01,2023-12-31,28154,22
G2,12,15299306.0,2829,38.74135430370512,8.16638762196178,2023,common_publishers,2023-01-01,2023-12-31,28154,22
G3,8,17477309.0,15711,44.25655779708794,45.35246232896484,2023,common_publishers,2023-01-01,2023-12-31,28154,22
G1,2,7262976.0,15004,18.053506863661248,46.42614023144996,2024,common_publishers,2024-01-01,2024-12-31,26380,22
G2,12,15363385.0,2645,38.18861256688308,8.18429358252367,2024,common_publishers,2024-01-01,2024-12-31,26380,22
G3,8,17603917.0,14669,43.75788056945567,45.389566186026364,2024,common_publishers,2024-01-01,2024-12-31,26380,22
G1,2,7361025.0,13016,17.975600640897216,42.842566077482644,2025,common_publishers,2025-01-01,2025-12-31,25165,22
G2,12,15802585.0,2744,38.58986446233137,9.03196076495178,2025,common_publishers,2025-01-01,2025-12-31,25165,22
G3,8,17786482.0,14621,43.43453489677142,48.12547315756558,2025,common_publishers,2025-01-01,2025-12-31,25165,22
G1,2,1583818.0,6275,33.279975591880095,50.53555609245389,2024_ytd,common_publishers,2024-01-01,2024-05-31,10181,13
G2,3,507345.0,396,10.660586769857654,3.1891761294998795,2024_ytd,common_publishers,2024-01-01,2024-05-31,10181,13
G3,8,2667909.0,5746,56.05943763826225,46.27526777804623,2024_ytd,common_publishers,2024-01-01,2024-05-31,10181,13
G1,2,1610669.0,4960,35.523009017993864,44.95604096800507,2025_ytd,common_publishers,2025-01-01,2025-05-31,9240,13
G2,3,417426.0,357,9.206253775508877,3.235747303543914,2025_ytd,common_publishers,2025-01-01,2025-05-31,9240,13
G3,8,2506062.0,5716,55.27073720649726,51.80821172845101,2025_ytd,common_publishers,2025-01-01,2025-05-31,9240,13
G1,2,1644743.0,5113,33.92714775384721,48.24040003773941,2026_ytd,common_publishers,2026-01-01,2026-05-31,8885,13
G2,3,499684.0,282,10.307295971609783,2.6606283611661476,2026_ytd,common_publishers,2026-01-01,2026-05-31,8885,13
G3,8,2703440.0,5204,55.76555627454301,49.09897160109445,2026_ytd,common_publishers,2026-01-01,2026-05-31,8885,13
