display_name,group,population_2021,nights,mentions,nights_share_pct,mention_share_pct,period,variant,start,end,nights_per_resident
Dubrovnik,G1,41562.0,4204169.0,8733,10.266567899285794,20.853431395959692,2025,main,2025-01-01,2025-12-31,101.15415523795775
Brtonigla,G2,1523.0,716602.0,155,1.74993990245492,0.37012273747552416,2025,main,2025-01-01,2025-12-31,470.52002626395273
Funtana,G2,911.0,2166769.0,296,5.2912433017244505,0.7068150341468074,2025,main,2025-01-01,2025-12-31,2378.451152579583
Medulin,G2,6552.0,2627303.0,930,6.4158659277249,2.2207364248531447,2025,main,2025-01-01,2025-12-31,400.99252136752136
Poreč,G3,16607.0,3288169.0,3550,8.029698687856428,8.47700463250394,2025,main,2025-01-01,2025-12-31,197.9989763352803
Pula,G3,52220.0,2014954.0,4517,4.920511533893501,10.786092936625435,2025,main,2025-01-01,2025-12-31,38.58586748372271
Rovinj,G3,12968.0,4226580.0,2758,10.321295493060186,6.5857968384354555,2025,main,2025-01-01,2025-12-31,325.92381246144356
Tar-Vabriga,G2,2148.0,1888087.0,150,4.610702706113578,0.35818329433115237,2025,main,2025-01-01,2025-12-31,878.9976722532589
Umag,G3,12699.0,2613699.0,1157,6.382645001139435,2.762787143607622,2025,main,2025-01-01,2025-12-31,205.81927710843374
Vrsar,G2,1923.0,1772603.0,561,4.32869112968049,1.33960552079851,2025,main,2025-01-01,2025-12-31,921.7904316172647
Novalja,G2,3680.0,1890591.0,576,4.616817466490674,1.3754238502316252,2025,main,2025-01-01,2025-12-31,513.747554347826
Baška,G2,1656.0,1000629.0,167,2.443532971794056,0.3987774010220163,2025,main,2025-01-01,2025-12-31,604.2445652173913
Lopar,G2,1107.0,672267.0,170,1.6416739674235652,0.4059410669086394,2025,main,2025-01-01,2025-12-31,607.2872628726287
Baška Voda,G3,2590.0,939760.0,186,2.29489105909701,0.444147284970629,2025,main,2025-01-01,2025-12-31,362.8416988416988
Brela,G2,1626.0,674253.0,130,1.6465237733776033,0.3104255217536654,2025,main,2025-01-01,2025-12-31,414.66974169741695
Hvar,G3,3979.0,683042.0,347,1.6679864846213288,0.8285973542193992,2025,main,2025-01-01,2025-12-31,171.66172405126918
Makarska,G3,13301.0,1703820.0,1177,4.160723253075964,2.8105449161851093,2025,main,2025-01-01,2025-12-31,128.09713555371778
Split,G1,160577.0,3156856.0,8607,7.709032741611423,20.552557428721524,2025,main,2025-01-01,2025-12-31,19.659453097267978
Tučepi,G2,1819.0,838444.0,75,2.0474776955324057,0.17909164716557618,2025,main,2025-01-01,2025-12-31,460.9367784496976
Nin,G2,2705.0,1230267.0,318,3.00430826870914,0.7593485839820431,2025,main,2025-01-01,2025-12-31,454.81219963031424
Povljana,G2,669.0,324770.0,147,0.7930873513055844,0.35101962844452933,2025,main,2025-01-01,2025-12-31,485.4559043348281
Zadar,G3,70779.0,2316458.0,7171,5.6567833840275625,17.123549357657957,2025,main,2025-01-01,2025-12-31,32.72804080306305
