doc_id,reason
cb6412d8be6876a36cdf,regional_demonym_for_woman_not_producer
a77bb820e78525cdd2ae,street_name
10ef7f469e35a5ec9674,veterans_association_activity_without_producer_business
d63c8f6f4d913e5dea7b,generic_product_recipe_no_domestic_producer
c46f970902aeff567002,incidental_brand_comparison_in_vegeta_story
5f958a7288a985953997,incidental_brand_comparison_in_vegeta_story
79d75caae4751652a775,foreign_subsidiary_only
7c37d1ddf28358011a92,former_employer_in_unrelated_appointment
46131b06a590987f96b1,brand_as_political_analogy
aa7290e3df0464498aeb,brand_as_political_analogy
f94fa9589dc3762ae5bd,brand_as_political_analogy
e8f457b7cb479871c906,global_parent_management_only
f18d00716299e8f6cb6d,global_parent_management_only
e68a7ea6adefb582fe8f,global_parent_management_only
01fe51c3976a99253e48,global_parent_management_only
315aeba5f675839f4ec0,global_parent_management_only
b7a0215e1805308f76ba,global_parent_management_only
39f70063162a617f4d79,global_parent_management_only
4a541915c6af0944f5fc,generic_product_recipe_no_domestic_producer
2e564f0f029b20d78838,generic_product_recipe_no_domestic_producer
5e36e88ab038277ba821,global_parent_jobs_only
ff5344711c30ff7174f9,incidental_brand_comparison_in_pipi_story
9cde17f63ad5a72c05a1,global_parent_management_only
c470f0f39d0009d59521,global_distribution_deal_only
f17e90d3a6780c99494e,foreign_legal_disputes_only
8d5073f1b2971fb81cd6,brand_as_political_analogy
6667fe2988050bb2c350,foreign_product_history_only
3c6c6c4b3d0a2472e366,former_industrial_site_redevelopment
f7fb5d60e37abbb44353,occupation_miller_not_company
95e197ed298fb78bbd5c,incidental_comparison_in_mining_history
