key,value,unit,period,release_date,source,verification
kras_revenue_2025,202.4,million EUR,2025,2026-02-25,https://www.kras.hr/hr/novosti/kras-zavrsio-godinu-s-prvim-znakovima-oporavka-uz-fokus-na-kvalitetu-i-dugorocni-rast,Official company release retrieved through web tool 2026-10-05; unaudited consolidated
kras_revenue_growth_2025,5.8,percent,2025/2024,2026-02-25,https://www.kras.hr/hr/novosti/kras-zavrsio-godinu-s-prvim-znakovima-oporavka-uz-fokus-na-kvalitetu-i-dugorocni-rast,Official company release retrieved through web tool 2026-10-05; unaudited consolidated
kras_expense_growth_2025,7.3,percent,2025/2024,2026-02-25,https://www.kras.hr/hr/novosti/kras-zavrsio-godinu-s-prvim-znakovima-oporavka-uz-fokus-na-kvalitetu-i-dugorocni-rast,Official company release retrieved through web tool 2026-10-05; unaudited consolidated
kras_net_profit_2025,6.5,million EUR,2025,2026-02-25,https://www.kras.hr/hr/novosti/kras-zavrsio-godinu-s-prvim-znakovima-oporavka-uz-fokus-na-kvalitetu-i-dugorocni-rast,Official company release retrieved through web tool 2026-10-05; unaudited consolidated
kras_net_profit_change_2025,-1.7,million EUR,2025 minus 2024,2026-02-25,https://www.kras.hr/hr/novosti/kras-zavrsio-godinu-s-prvim-znakovima-oporavka-uz-fokus-na-kvalitetu-i-dugorocni-rast,Official company release retrieved through web tool 2026-10-05; rounded announcement values
kras_revenue_h1_2026,93.4,million EUR,January-June 2026,2026-07-27,https://www.kras.hr/hr/novosti/kras-u-prvoj-polovici-2026-biljezi-rast-prihoda,Official company release retrieved through web tool 2026-10-05; unaudited consolidated
kras_revenue_growth_h1_2026,3.8,percent,January-June 2026/January-June 2025,2026-07-27,https://www.kras.hr/hr/novosti/kras-u-prvoj-polovici-2026-biljezi-rast-prihoda,Official company release retrieved through web tool 2026-10-05; unaudited consolidated
kras_expense_growth_h1_2026,0.2,percent,January-June 2026/January-June 2025,2026-07-27,https://www.kras.hr/hr/novosti/kras-u-prvoj-polovici-2026-biljezi-rast-prihoda,Official company release retrieved through web tool 2026-10-05; unaudited consolidated
kras_net_profit_h1_2026,2.9,million EUR,January-June 2026,2026-07-27,https://www.kras.hr/hr/novosti/kras-u-prvoj-polovici-2026-biljezi-rast-prihoda,Official company release retrieved through web tool 2026-10-05; unaudited consolidated
kras_net_profit_change_h1_2026,2.6,million EUR,January-June 2026 minus January-June 2025,2026-07-27,https://www.kras.hr/hr/novosti/kras-u-prvoj-polovici-2026-biljezi-rast-prihoda,Official company release retrieved through web tool 2026-10-05; rounded announcement values
mlinar_investment_ceiling,80,million EUR,Investment round announced December 2025,2025-12-19,https://mlinar.hr/hr/novosti/mlinar-ulazi-u-novu-fazu-strateskog-razvoja-uz-snaznu-potporu-ebrd-ja-i-bosqar-investa,Official company release retrieved through web tool 2026-10-05; ceiling in two phases not realized capital expenditure
mlinar_ebrd_first_phase,35,million EUR,First phase announced December 2025,2025-12-19,https://mlinar.hr/hr/novosti/mlinar-ulazi-u-novu-fazu-strateskog-razvoja-uz-snaznu-potporu-ebrd-ja-i-bosqar-investa,Official company release retrieved through web tool 2026-10-05
